{"__type__":"cc.AnimationClip","_name":"middle_to_down","_duration":0.11666666666666667,"curveData":{"props":{"y":[{"frame":0,"value":0},{"frame":0.11666666666666667,"value":-358.756}],"opacity":[{"frame":0,"value":255},{"frame":0.11666666666666667,"value":0}]}}}